area,sub_area,month_year,count,type_of_offence,count_category
Waitemata,Auckland Motorways,2009-01-01,56.0,Alcohol specific offences,Offences
Waitemata,Auckland Motorways,2009-02-01,48.0,Alcohol specific offences,Offences
Waitemata,Auckland Motorways,2009-03-01,122.0,Alcohol specific offences,Offences
Waitemata,Auckland Motorways,2009-04-01,63.0,Alcohol specific offences,Offences
Waitemata,Auckland Motorways,2009-05-01,75.0,Alcohol specific offences,Offences
Waitemata,Auckland Motorways,2009-06-01,74.0,Alcohol specific offences,Offences
Waitemata,Auckland Motorways,2009-07-01,91.0,Alcohol specific offences,Offences
Waitemata,Auckland Motorways,2009-08-01,91.0,Alcohol specific offences,Offences
Waitemata,Auckland Motorways,2009-09-01,80.0,Alcohol specific offences,Offences
Waitemata,Auckland Motorways,2009-10-01,80.0,Alcohol specific offences,Offences
Waitemata,Auckland Motorways,2009-11-01,81.0,Alcohol specific offences,Offences
Waitemata,Auckland Motorways,2009-12-01,50.0,Alcohol specific offences,Offences
Waitemata,Auckland Motorways,2010-01-01,18.0,Alcohol specific offences,Offences
Waitemata,Auckland Motorways,2010-02-01,4.0,Alcohol specific offences,Offences
Waitemata,Auckland Motorways,2010-03-01,24.0,Alcohol specific offences,Offences
Waitemata,Auckland Motorways,2010-04-01,19.0,Alcohol specific offences,Offences
Waitemata,Auckland Motorways,2010-05-01,19.0,Alcohol specific offences,Offences
Waitemata,Auckland Motorways,2010-06-01,32.0,Alcohol specific offences,Offences
Waitemata,Auckland Motorways,2010-07-01,14.0,Alcohol specific offences,Offences
Waitemata,Auckland Motorways,2010-08-01,18.0,Alcohol specific offences,Offences
Waitemata,Auckland Motorways,2010-09-01,16.0,Alcohol specific offences,Offences
Waitemata,Auckland Motorways,2010-10-01,25.0,Alcohol specific offences,Offences
Waitemata,Auckland Motorways,2010-11-01,32.0,Alcohol specific offences,Offences
Waitemata,Auckland Motorways,2010-12-01,35.0,Alcohol specific offences,Offences
Waitemata,Auckland Motorways,2011-01-01,30.0,Alcohol specific offences,Offences
Waitemata,Auckland Motorways,2011-02-01,20.0,Alcohol specific offences,Offences
Waitemata,Auckland Motorways,2011-03-01,57.0,Alcohol specific offences,Offences
Waitemata,Auckland Motorways,2011-04-01,78.0,Alcohol specific offences,Offences
Waitemata,Auckland Motorways,2011-05-01,102.0,Alcohol specific offences,Offences
Waitemata,Auckland Motorways,2011-06-01,63.0,Alcohol specific offences,Offences
Waitemata,Auckland Motorways,2011-07-01,87.0,Alcohol specific offences,Offences
Waitemata,Auckland Motorways,2011-08-01,73.0,Alcohol specific offences,Offences
Waitemata,Auckland Motorways,2011-09-01,81.0,Alcohol specific offences,Offences
Waitemata,Auckland Motorways,2011-10-01,72.0,Alcohol specific offences,Offences
Waitemata,Auckland Motorways,2011-11-01,70.0,Alcohol specific offences,Offences
Waitemata,Auckland Motorways,2011-12-01,99.0,Alcohol specific offences,Offences
Waitemata,Auckland Motorways,2012-01-01,69.0,Alcohol specific offences,Offences
Waitemata,Auckland Motorways,2012-02-01,54.0,Alcohol specific offences,Offences
Waitemata,Auckland Motorways,2012-03-01,68.0,Alcohol specific offences,Offences
Waitemata,Auckland Motorways,2012-04-01,75.0,Alcohol specific offences,Offences
Waitemata,Auckland Motorways,2012-05-01,91.0,Alcohol specific offences,Offences
Waitemata,Auckland Motorways,2012-06-01,75.0,Alcohol specific offences,Offences
Waitemata,Auckland Motorways,2012-07-01,81.0,Alcohol specific offences,Offences
Waitemata,Auckland Motorways,2012-08-01,104.0,Alcohol specific offences,Offences
Waitemata,Auckland Motorways,2012-09-01,89.0,Alcohol specific offences,Offences
Waitemata,Auckland Motorways,2012-10-01,88.0,Alcohol specific offences,Offences
Waitemata,Auckland Motorways,2012-11-01,63.0,Alcohol specific offences,Offences
Waitemata,Auckland Motorways,2012-12-01,74.0,Alcohol specific offences,Offences
Waitemata,Auckland Motorways,2013-01-01,52.0,Alcohol specific offences,Offences
Waitemata,Auckland Motorways,2013-02-01,70.0,Alcohol specific offences,Offences
Waitemata,Auckland Motorways,2013-03-01,90.0,Alcohol specific offences,Offences
Waitemata,Auckland Motorways,2013-04-01,64.0,Alcohol specific offences,Offences
Waitemata,Auckland Motorways,2013-05-01,60.0,Alcohol specific offences,Offences
Waitemata,Auckland Motorways,2013-06-01,83.0,Alcohol specific offences,Offences
Waitemata,Auckland Motorways,2013-07-01,59.0,Alcohol specific offences,Offences
Waitemata,Auckland Motorways,2013-08-01,55.0,Alcohol specific offences,Offences
Waitemata,Auckland Motorways,2013-09-01,74.0,Alcohol specific offences,Offences
Waitemata,Auckland Motorways,2013-10-01,73.0,Alcohol specific offences,Offences
Waitemata,Auckland Motorways,2013-11-01,57.0,Alcohol specific offences,Offences
Waitemata,Auckland Motorways,2013-12-01,66.0,Alcohol specific offences,Offences
Waitemata,Auckland Motorways,2014-01-01,44.0,Alcohol specific offences,Offences
Waitemata,Auckland Motorways,2014-02-01,50.0,Alcohol specific offences,Offences
Waitemata,Auckland Motorways,2014-03-01,61.0,Alcohol specific offences,Offences
Waitemata,Auckland Motorways,2014-04-01,36.0,Alcohol specific offences,Offences
Waitemata,Auckland Motorways,2014-05-01,51.0,Alcohol specific offences,Offences
Waitemata,Auckland Motorways,2014-06-01,46.0,Alcohol specific offences,Offences
Waitemata,Auckland Motorways,2014-07-01,37.0,Alcohol specific offences,Offences
Waitemata,Auckland Motorways,2014-08-01,43.0,Alcohol specific offences,Offences
Waitemata,Auckland Motorways,2014-09-01,33.0,Alcohol specific offences,Offences
Waitemata,Auckland Motorways,2014-10-01,39.0,Alcohol specific offences,Offences
Waitemata,Auckland Motorways,2014-11-01,34.0,Alcohol specific offences,Offences
Waitemata,Auckland Motorways,2014-12-01,52.0,Alcohol specific offences,Offences
Waitemata,Auckland Motorways,2015-01-01,42.0,Alcohol specific offences,Offences
Waitemata,Auckland Motorways,2015-02-01,34.0,Alcohol specific offences,Offences
Waitemata,Auckland Motorways,2015-03-01,79.0,Alcohol specific offences,Offences
Waitemata,Auckland Motorways,2015-04-01,41.0,Alcohol specific offences,Offences
Waitemata,Auckland Motorways,2015-05-01,43.0,Alcohol specific offences,Offences
Waitemata,Auckland Motorways,2015-06-01,44.0,Alcohol specific offences,Offences
Waitemata,Auckland Motorways,2015-07-01,43.0,Alcohol specific offences,Offences
Waitemata,Auckland Motorways,2015-08-01,67.0,Alcohol specific offences,Offences
Waitemata,Auckland Motorways,2015-09-01,46.0,Alcohol specific offences,Offences
Waitemata,Auckland Motorways,2015-10-01,31.0,Alcohol specific offences,Offences
Waitemata,Auckland Motorways,2015-11-01,15.0,Alcohol specific offences,Offences
Waitemata,Auckland Motorways,2015-12-01,17.0,Alcohol specific offences,Offences
Waitemata,Auckland Motorways,2016-01-01,21.0,Alcohol specific offences,Offences
Waitemata,Auckland Motorways,2016-02-01,18.0,Alcohol specific offences,Offences
Waitemata,Auckland Motorways,2016-03-01,15.0,Alcohol specific offences,Offences
Waitemata,Auckland Motorways,2016-04-01,28.0,Alcohol specific offences,Offences
Waitemata,Auckland Motorways,2016-05-01,20.0,Alcohol specific offences,Offences
Waitemata,Auckland Motorways,2016-06-01,19.0,Alcohol specific offences,Offences
Waitemata,Auckland Motorways,2016-07-01,19.0,Alcohol specific offences,Offences
Waitemata,Auckland Motorways,2016-08-01,12.0,Alcohol specific offences,Offences
Waitemata,Auckland Motorways,2016-09-01,8.0,Alcohol specific offences,Offences
Waitemata,Auckland Motorways,2009-01-01,0.0,Drug specific offences,Offences
Waitemata,Auckland Motorways,2009-02-01,1.0,Drug specific offences,Offences
Waitemata,Auckland Motorways,2009-03-01,1.0,Drug specific offences,Offences
Waitemata,Auckland Motorways,2009-04-01,0.0,Drug specific offences,Offences
Waitemata,Auckland Motorways,2009-05-01,0.0,Drug specific offences,Offences
Waitemata,Auckland Motorways,2009-06-01,0.0,Drug specific offences,Offences
Waitemata,Auckland Motorways,2009-07-01,0.0,Drug specific offences,Offences
Waitemata,Auckland Motorways,2009-08-01,0.0,Drug specific offences,Offences
Waitemata,Auckland Motorways,2009-09-01,0.0,Drug specific offences,Offences
Waitemata,Auckland Motorways,2009-10-01,1.0,Drug specific offences,Offences
Waitemata,Auckland Motorways,2009-11-01,0.0,Drug specific offences,Offences
Waitemata,Auckland Motorways,2009-12-01,0.0,Drug specific offences,Offences
Waitemata,Auckland Motorways,2010-01-01,0.0,Drug specific offences,Offences
Waitemata,Auckland Motorways,2010-02-01,0.0,Drug specific offences,Offences
Waitemata,Auckland Motorways,2010-03-01,0.0,Drug specific offences,Offences
Waitemata,Auckland Motorways,2010-04-01,1.0,Drug specific offences,Offences
Waitemata,Auckland Motorways,2010-05-01,1.0,Drug specific offences,Offences
Waitemata,Auckland Motorways,2010-06-01,1.0,Drug specific offences,Offences
Waitemata,Auckland Motorways,2010-07-01,0.0,Drug specific offences,Offences
Waitemata,Auckland Motorways,2010-08-01,0.0,Drug specific offences,Offences
Waitemata,Auckland Motorways,2010-09-01,0.0,Drug specific offences,Offences
Waitemata,Auckland Motorways,2010-10-01,0.0,Drug specific offences,Offences
Waitemata,Auckland Motorways,2010-11-01,1.0,Drug specific offences,Offences
Waitemata,Auckland Motorways,2010-12-01,0.0,Drug specific offences,Offences
Waitemata,Auckland Motorways,2011-01-01,1.0,Drug specific offences,Offences
Waitemata,Auckland Motorways,2011-02-01,0.0,Drug specific offences,Offences
Waitemata,Auckland Motorways,2011-03-01,0.0,Drug specific offences,Offences
Waitemata,Auckland Motorways,2011-04-01,1.0,Drug specific offences,Offences
Waitemata,Auckland Motorways,2011-05-01,0.0,Drug specific offences,Offences
Waitemata,Auckland Motorways,2011-06-01,0.0,Drug specific offences,Offences
Waitemata,Auckland Motorways,2011-07-01,0.0,Drug specific offences,Offences
Waitemata,Auckland Motorways,2011-08-01,0.0,Drug specific offences,Offences
Waitemata,Auckland Motorways,2011-09-01,1.0,Drug specific offences,Offences
Waitemata,Auckland Motorways,2011-10-01,1.0,Drug specific offences,Offences
Waitemata,Auckland Motorways,2011-11-01,1.0,Drug specific offences,Offences
Waitemata,Auckland Motorways,2011-12-01,0.0,Drug specific offences,Offences
Waitemata,Auckland Motorways,2012-01-01,2.0,Drug specific offences,Offences
Waitemata,Auckland Motorways,2012-02-01,0.0,Drug specific offences,Offences
Waitemata,Auckland Motorways,2012-03-01,0.0,Drug specific offences,Offences
Waitemata,Auckland Motorways,2012-04-01,0.0,Drug specific offences,Offences
Waitemata,Auckland Motorways,2012-05-01,1.0,Drug specific offences,Offences
Waitemata,Auckland Motorways,2012-06-01,3.0,Drug specific offences,Offences
Waitemata,Auckland Motorways,2012-07-01,2.0,Drug specific offences,Offences
Waitemata,Auckland Motorways,2012-08-01,1.0,Drug specific offences,Offences
Waitemata,Auckland Motorways,2012-09-01,1.0,Drug specific offences,Offences
Waitemata,Auckland Motorways,2012-10-01,2.0,Drug specific offences,Offences
Waitemata,Auckland Motorways,2012-11-01,1.0,Drug specific offences,Offences
Waitemata,Auckland Motorways,2012-12-01,0.0,Drug specific offences,Offences
Waitemata,Auckland Motorways,2013-01-01,0.0,Drug specific offences,Offences
Waitemata,Auckland Motorways,2013-02-01,0.0,Drug specific offences,Offences
Waitemata,Auckland Motorways,2013-03-01,0.0,Drug specific offences,Offences
Waitemata,Auckland Motorways,2013-04-01,0.0,Drug specific offences,Offences
Waitemata,Auckland Motorways,2013-05-01,1.0,Drug specific offences,Offences
Waitemata,Auckland Motorways,2013-06-01,2.0,Drug specific offences,Offences
Waitemata,Auckland Motorways,2013-07-01,1.0,Drug specific offences,Offences
Waitemata,Auckland Motorways,2013-08-01,1.0,Drug specific offences,Offences
Waitemata,Auckland Motorways,2013-09-01,3.0,Drug specific offences,Offences
Waitemata,Auckland Motorways,2013-10-01,2.0,Drug specific offences,Offences
Waitemata,Auckland Motorways,2013-11-01,0.0,Drug specific offences,Offences
Waitemata,Auckland Motorways,2013-12-01,0.0,Drug specific offences,Offences
Waitemata,Auckland Motorways,2014-01-01,1.0,Drug specific offences,Offences
Waitemata,Auckland Motorways,2014-02-01,1.0,Drug specific offences,Offences
Waitemata,Auckland Motorways,2014-03-01,1.0,Drug specific offences,Offences
Waitemata,Auckland Motorways,2014-04-01,0.0,Drug specific offences,Offences
Waitemata,Auckland Motorways,2014-05-01,2.0,Drug specific offences,Offences
Waitemata,Auckland Motorways,2014-06-01,1.0,Drug specific offences,Offences
Waitemata,Auckland Motorways,2014-07-01,1.0,Drug specific offences,Offences
Waitemata,Auckland Motorways,2014-08-01,1.0,Drug specific offences,Offences
Waitemata,Auckland Motorways,2014-09-01,1.0,Drug specific offences,Offences
Waitemata,Auckland Motorways,2014-10-01,0.0,Drug specific offences,Offences
Waitemata,Auckland Motorways,2014-11-01,1.0,Drug specific offences,Offences
Waitemata,Auckland Motorways,2014-12-01,0.0,Drug specific offences,Offences
Waitemata,Auckland Motorways,2015-01-01,0.0,Drug specific offences,Offences
Waitemata,Auckland Motorways,2015-02-01,2.0,Drug specific offences,Offences
Waitemata,Auckland Motorways,2015-03-01,0.0,Drug specific offences,Offences
Waitemata,Auckland Motorways,2015-04-01,2.0,Drug specific offences,Offences
Waitemata,Auckland Motorways,2015-05-01,1.0,Drug specific offences,Offences
Waitemata,Auckland Motorways,2015-06-01,0.0,Drug specific offences,Offences
Waitemata,Auckland Motorways,2015-07-01,4.0,Drug specific offences,Offences
Waitemata,Auckland Motorways,2015-08-01,0.0,Drug specific offences,Offences
Waitemata,Auckland Motorways,2015-09-01,0.0,Drug specific offences,Offences
Waitemata,Auckland Motorways,2015-10-01,0.0,Drug specific offences,Offences
Waitemata,Auckland Motorways,2015-11-01,0.0,Drug specific offences,Offences
Waitemata,Auckland Motorways,2015-12-01,0.0,Drug specific offences,Offences
Waitemata,Auckland Motorways,2016-01-01,0.0,Drug specific offences,Offences
Waitemata,Auckland Motorways,2016-02-01,0.0,Drug specific offences,Offences
Waitemata,Auckland Motorways,2016-03-01,0.0,Drug specific offences,Offences
Waitemata,Auckland Motorways,2016-04-01,0.0,Drug specific offences,Offences
Waitemata,Auckland Motorways,2016-05-01,0.0,Drug specific offences,Offences
Waitemata,Auckland Motorways,2016-06-01,0.0,Drug specific offences,Offences
Waitemata,Auckland Motorways,2016-07-01,0.0,Drug specific offences,Offences
Waitemata,Auckland Motorways,2016-08-01,0.0,Drug specific offences,Offences
Waitemata,Auckland Motorways,2016-09-01,0.0,Drug specific offences,Offences
Waitemata,Auckland Motorways,2009-01-01,0.0,Alcohol specific offences,Fines
Waitemata,Auckland Motorways,2009-02-01,0.0,Alcohol specific offences,Fines
Waitemata,Auckland Motorways,2009-03-01,0.0,Alcohol specific offences,Fines
Waitemata,Auckland Motorways,2009-04-01,0.0,Alcohol specific offences,Fines
Waitemata,Auckland Motorways,2009-05-01,0.0,Alcohol specific offences,Fines
Waitemata,Auckland Motorways,2009-06-01,0.0,Alcohol specific offences,Fines
Waitemata,Auckland Motorways,2009-07-01,0.0,Alcohol specific offences,Fines
Waitemata,Auckland Motorways,2009-08-01,0.0,Alcohol specific offences,Fines
Waitemata,Auckland Motorways,2009-09-01,0.0,Alcohol specific offences,Fines
Waitemata,Auckland Motorways,2009-10-01,0.0,Alcohol specific offences,Fines
Waitemata,Auckland Motorways,2009-11-01,0.0,Alcohol specific offences,Fines
Waitemata,Auckland Motorways,2009-12-01,0.0,Alcohol specific offences,Fines
Waitemata,Auckland Motorways,2010-01-01,0.0,Alcohol specific offences,Fines
Waitemata,Auckland Motorways,2010-02-01,0.0,Alcohol specific offences,Fines
Waitemata,Auckland Motorways,2010-03-01,0.0,Alcohol specific offences,Fines
Waitemata,Auckland Motorways,2010-04-01,0.0,Alcohol specific offences,Fines
Waitemata,Auckland Motorways,2010-05-01,0.0,Alcohol specific offences,Fines
Waitemata,Auckland Motorways,2010-06-01,0.0,Alcohol specific offences,Fines
Waitemata,Auckland Motorways,2010-07-01,0.0,Alcohol specific offences,Fines
Waitemata,Auckland Motorways,2010-08-01,0.0,Alcohol specific offences,Fines
Waitemata,Auckland Motorways,2010-09-01,0.0,Alcohol specific offences,Fines
Waitemata,Auckland Motorways,2010-10-01,0.0,Alcohol specific offences,Fines
Waitemata,Auckland Motorways,2010-11-01,0.0,Alcohol specific offences,Fines
Waitemata,Auckland Motorways,2010-12-01,0.0,Alcohol specific offences,Fines
Waitemata,Auckland Motorways,2011-01-01,0.0,Alcohol specific offences,Fines
Waitemata,Auckland Motorways,2011-02-01,0.0,Alcohol specific offences,Fines
Waitemata,Auckland Motorways,2011-03-01,0.0,Alcohol specific offences,Fines
Waitemata,Auckland Motorways,2011-04-01,0.0,Alcohol specific offences,Fines
Waitemata,Auckland Motorways,2011-05-01,0.0,Alcohol specific offences,Fines
Waitemata,Auckland Motorways,2011-06-01,0.0,Alcohol specific offences,Fines
Waitemata,Auckland Motorways,2011-07-01,0.0,Alcohol specific offences,Fines
Waitemata,Auckland Motorways,2011-08-01,200.0,Alcohol specific offences,Fines
Waitemata,Auckland Motorways,2011-09-01,600.0,Alcohol specific offences,Fines
Waitemata,Auckland Motorways,2011-10-01,600.0,Alcohol specific offences,Fines
Waitemata,Auckland Motorways,2011-11-01,200.0,Alcohol specific offences,Fines
Waitemata,Auckland Motorways,2011-12-01,1600.0,Alcohol specific offences,Fines
Waitemata,Auckland Motorways,2012-01-01,200.0,Alcohol specific offences,Fines
Waitemata,Auckland Motorways,2012-02-01,600.0,Alcohol specific offences,Fines
Waitemata,Auckland Motorways,2012-03-01,400.0,Alcohol specific offences,Fines
Waitemata,Auckland Motorways,2012-04-01,400.0,Alcohol specific offences,Fines
Waitemata,Auckland Motorways,2012-05-01,400.0,Alcohol specific offences,Fines
Waitemata,Auckland Motorways,2012-06-01,200.0,Alcohol specific offences,Fines
Waitemata,Auckland Motorways,2012-07-01,800.0,Alcohol specific offences,Fines
Waitemata,Auckland Motorways,2012-08-01,1200.0,Alcohol specific offences,Fines
Waitemata,Auckland Motorways,2012-09-01,200.0,Alcohol specific offences,Fines
Waitemata,Auckland Motorways,2012-10-01,600.0,Alcohol specific offences,Fines
Waitemata,Auckland Motorways,2012-11-01,800.0,Alcohol specific offences,Fines
Waitemata,Auckland Motorways,2012-12-01,600.0,Alcohol specific offences,Fines
Waitemata,Auckland Motorways,2013-01-01,400.0,Alcohol specific offences,Fines
Waitemata,Auckland Motorways,2013-02-01,0.0,Alcohol specific offences,Fines
Waitemata,Auckland Motorways,2013-03-01,1400.0,Alcohol specific offences,Fines
Waitemata,Auckland Motorways,2013-04-01,600.0,Alcohol specific offences,Fines
Waitemata,Auckland Motorways,2013-05-01,600.0,Alcohol specific offences,Fines
Waitemata,Auckland Motorways,2013-06-01,600.0,Alcohol specific offences,Fines
Waitemata,Auckland Motorways,2013-07-01,400.0,Alcohol specific offences,Fines
Waitemata,Auckland Motorways,2013-08-01,400.0,Alcohol specific offences,Fines
Waitemata,Auckland Motorways,2013-09-01,200.0,Alcohol specific offences,Fines
Waitemata,Auckland Motorways,2013-10-01,600.0,Alcohol specific offences,Fines
Waitemata,Auckland Motorways,2013-11-01,200.0,Alcohol specific offences,Fines
Waitemata,Auckland Motorways,2013-12-01,400.0,Alcohol specific offences,Fines
Waitemata,Auckland Motorways,2014-01-01,400.0,Alcohol specific offences,Fines
Waitemata,Auckland Motorways,2014-02-01,400.0,Alcohol specific offences,Fines
Waitemata,Auckland Motorways,2014-03-01,0.0,Alcohol specific offences,Fines
Waitemata,Auckland Motorways,2014-04-01,200.0,Alcohol specific offences,Fines
Waitemata,Auckland Motorways,2014-05-01,400.0,Alcohol specific offences,Fines
Waitemata,Auckland Motorways,2014-06-01,0.0,Alcohol specific offences,Fines
Waitemata,Auckland Motorways,2014-07-01,200.0,Alcohol specific offences,Fines
Waitemata,Auckland Motorways,2014-08-01,0.0,Alcohol specific offences,Fines
Waitemata,Auckland Motorways,2014-09-01,0.0,Alcohol specific offences,Fines
Waitemata,Auckland Motorways,2014-10-01,0.0,Alcohol specific offences,Fines
Waitemata,Auckland Motorways,2014-11-01,200.0,Alcohol specific offences,Fines
Waitemata,Auckland Motorways,2014-12-01,5e3,Alcohol specific offences,Fines
Waitemata,Auckland Motorways,2015-01-01,4e3,Alcohol specific offences,Fines
Waitemata,Auckland Motorways,2015-02-01,3700.0,Alcohol specific offences,Fines
Waitemata,Auckland Motorways,2015-03-01,6800.0,Alcohol specific offences,Fines
Waitemata,Auckland Motorways,2015-04-01,2600.0,Alcohol specific offences,Fines
Waitemata,Auckland Motorways,2015-05-01,3600.0,Alcohol specific offences,Fines
Waitemata,Auckland Motorways,2015-06-01,3200.0,Alcohol specific offences,Fines
Waitemata,Auckland Motorways,2015-07-01,2600.0,Alcohol specific offences,Fines
Waitemata,Auckland Motorways,2015-08-01,4400.0,Alcohol specific offences,Fines
Waitemata,Auckland Motorways,2015-09-01,4200.0,Alcohol specific offences,Fines
Waitemata,Auckland Motorways,2015-10-01,5200.0,Alcohol specific offences,Fines
Waitemata,Auckland Motorways,2015-11-01,2600.0,Alcohol specific offences,Fines
Waitemata,Auckland Motorways,2015-12-01,2800.0,Alcohol specific offences,Fines
Waitemata,Auckland Motorways,2016-01-01,3800.0,Alcohol specific offences,Fines
Waitemata,Auckland Motorways,2016-02-01,3600.0,Alcohol specific offences,Fines
Waitemata,Auckland Motorways,2016-03-01,1800.0,Alcohol specific offences,Fines
Waitemata,Auckland Motorways,2016-04-01,5400.0,Alcohol specific offences,Fines
Waitemata,Auckland Motorways,2016-05-01,3200.0,Alcohol specific offences,Fines
Waitemata,Auckland Motorways,2016-06-01,3200.0,Alcohol specific offences,Fines
Waitemata,Auckland Motorways,2016-07-01,3200.0,Alcohol specific offences,Fines
Waitemata,Auckland Motorways,2016-08-01,1800.0,Alcohol specific offences,Fines
Waitemata,Auckland Motorways,2016-09-01,1600.0,Alcohol specific offences,Fines
Waitemata,Auckland Motorways,2009-01-01,0.0,Mobile phone offences,Offences
Waitemata,Auckland Motorways,2009-02-01,0.0,Mobile phone offences,Offences
Waitemata,Auckland Motorways,2009-03-01,0.0,Mobile phone offences,Offences
Waitemata,Auckland Motorways,2009-04-01,0.0,Mobile phone offences,Offences
Waitemata,Auckland Motorways,2009-05-01,0.0,Mobile phone offences,Offences
Waitemata,Auckland Motorways,2009-06-01,0.0,Mobile phone offences,Offences
Waitemata,Auckland Motorways,2009-07-01,0.0,Mobile phone offences,Offences
Waitemata,Auckland Motorways,2009-08-01,0.0,Mobile phone offences,Offences
Waitemata,Auckland Motorways,2009-09-01,0.0,Mobile phone offences,Offences
Waitemata,Auckland Motorways,2009-10-01,0.0,Mobile phone offences,Offences
Waitemata,Auckland Motorways,2009-11-01,44.0,Mobile phone offences,Offences
Waitemata,Auckland Motorways,2009-12-01,29.0,Mobile phone offences,Offences
Waitemata,Auckland Motorways,2010-01-01,33.0,Mobile phone offences,Offences
Waitemata,Auckland Motorways,2010-02-01,39.0,Mobile phone offences,Offences
Waitemata,Auckland Motorways,2010-03-01,66.0,Mobile phone offences,Offences
Waitemata,Auckland Motorways,2010-04-01,59.0,Mobile phone offences,Offences
Waitemata,Auckland Motorways,2010-05-01,69.0,Mobile phone offences,Offences
Waitemata,Auckland Motorways,2010-06-01,80.0,Mobile phone offences,Offences
Waitemata,Auckland Motorways,2010-07-01,80.0,Mobile phone offences,Offences
Waitemata,Auckland Motorways,2010-08-01,113.0,Mobile phone offences,Offences
Waitemata,Auckland Motorways,2010-09-01,80.0,Mobile phone offences,Offences
Waitemata,Auckland Motorways,2010-10-01,94.0,Mobile phone offences,Offences
Waitemata,Auckland Motorways,2010-11-01,75.0,Mobile phone offences,Offences
Waitemata,Auckland Motorways,2010-12-01,78.0,Mobile phone offences,Offences
Waitemata,Auckland Motorways,2011-01-01,39.0,Mobile phone offences,Offences
Waitemata,Auckland Motorways,2011-02-01,46.0,Mobile phone offences,Offences
Waitemata,Auckland Motorways,2011-03-01,78.0,Mobile phone offences,Offences
Waitemata,Auckland Motorways,2011-04-01,82.0,Mobile phone offences,Offences
Waitemata,Auckland Motorways,2011-05-01,100.0,Mobile phone offences,Offences
Waitemata,Auckland Motorways,2011-06-01,89.0,Mobile phone offences,Offences
Waitemata,Auckland Motorways,2011-07-01,70.0,Mobile phone offences,Offences
Waitemata,Auckland Motorways,2011-08-01,89.0,Mobile phone offences,Offences
Waitemata,Auckland Motorways,2011-09-01,71.0,Mobile phone offences,Offences
Waitemata,Auckland Motorways,2011-10-01,83.0,Mobile phone offences,Offences
Waitemata,Auckland Motorways,2011-11-01,112.0,Mobile phone offences,Offences
Waitemata,Auckland Motorways,2011-12-01,105.0,Mobile phone offences,Offences
Waitemata,Auckland Motorways,2012-01-01,96.0,Mobile phone offences,Offences
Waitemata,Auckland Motorways,2012-02-01,70.0,Mobile phone offences,Offences
Waitemata,Auckland Motorways,2012-03-01,77.0,Mobile phone offences,Offences
Waitemata,Auckland Motorways,2012-04-01,79.0,Mobile phone offences,Offences
Waitemata,Auckland Motorways,2012-05-01,110.0,Mobile phone offences,Offences
Waitemata,Auckland Motorways,2012-06-01,69.0,Mobile phone offences,Offences
Waitemata,Auckland Motorways,2012-07-01,72.0,Mobile phone offences,Offences
Waitemata,Auckland Motorways,2012-08-01,91.0,Mobile phone offences,Offences
Waitemata,Auckland Motorways,2012-09-01,100.0,Mobile phone offences,Offences
Waitemata,Auckland Motorways,2012-10-01,110.0,Mobile phone offences,Offences
Waitemata,Auckland Motorways,2012-11-01,129.0,Mobile phone offences,Offences
Waitemata,Auckland Motorways,2012-12-01,102.0,Mobile phone offences,Offences
Waitemata,Auckland Motorways,2013-01-01,51.0,Mobile phone offences,Offences
Waitemata,Auckland Motorways,2013-02-01,64.0,Mobile phone offences,Offences
Waitemata,Auckland Motorways,2013-03-01,68.0,Mobile phone offences,Offences
Waitemata,Auckland Motorways,2013-04-01,151.0,Mobile phone offences,Offences
Waitemata,Auckland Motorways,2013-05-01,114.0,Mobile phone offences,Offences
Waitemata,Auckland Motorways,2013-06-01,146.0,Mobile phone offences,Offences
Waitemata,Auckland Motorways,2013-07-01,87.0,Mobile phone offences,Offences
Waitemata,Auckland Motorways,2013-08-01,111.0,Mobile phone offences,Offences
Waitemata,Auckland Motorways,2013-09-01,137.0,Mobile phone offences,Offences
Waitemata,Auckland Motorways,2013-10-01,157.0,Mobile phone offences,Offences
Waitemata,Auckland Motorways,2013-11-01,114.0,Mobile phone offences,Offences
Waitemata,Auckland Motorways,2013-12-01,116.0,Mobile phone offences,Offences
Waitemata,Auckland Motorways,2014-01-01,143.0,Mobile phone offences,Offences
Waitemata,Auckland Motorways,2014-02-01,228.0,Mobile phone offences,Offences
Waitemata,Auckland Motorways,2014-03-01,184.0,Mobile phone offences,Offences
Waitemata,Auckland Motorways,2014-04-01,140.0,Mobile phone offences,Offences
Waitemata,Auckland Motorways,2014-05-01,288.0,Mobile phone offences,Offences
Waitemata,Auckland Motorways,2014-06-01,213.0,Mobile phone offences,Offences
Waitemata,Auckland Motorways,2014-07-01,159.0,Mobile phone offences,Offences
Waitemata,Auckland Motorways,2014-08-01,116.0,Mobile phone offences,Offences
Waitemata,Auckland Motorways,2014-09-01,137.0,Mobile phone offences,Offences
Waitemata,Auckland Motorways,2014-10-01,102.0,Mobile phone offences,Offences
Waitemata,Auckland Motorways,2014-11-01,151.0,Mobile phone offences,Offences
Waitemata,Auckland Motorways,2014-12-01,145.0,Mobile phone offences,Offences
Waitemata,Auckland Motorways,2015-01-01,99.0,Mobile phone offences,Offences
Waitemata,Auckland Motorways,2015-02-01,191.0,Mobile phone offences,Offences
Waitemata,Auckland Motorways,2015-03-01,174.0,Mobile phone offences,Offences
Waitemata,Auckland Motorways,2015-04-01,191.0,Mobile phone offences,Offences
Waitemata,Auckland Motorways,2015-05-01,163.0,Mobile phone offences,Offences
Waitemata,Auckland Motorways,2015-06-01,148.0,Mobile phone offences,Offences
Waitemata,Auckland Motorways,2015-07-01,135.0,Mobile phone offences,Offences
Waitemata,Auckland Motorways,2015-08-01,166.0,Mobile phone offences,Offences
Waitemata,Auckland Motorways,2015-09-01,281.0,Mobile phone offences,Offences
Waitemata,Auckland Motorways,2015-10-01,210.0,Mobile phone offences,Offences
Waitemata,Auckland Motorways,2015-11-01,258.0,Mobile phone offences,Offences
Waitemata,Auckland Motorways,2015-12-01,136.0,Mobile phone offences,Offences
Waitemata,Auckland Motorways,2016-01-01,120.0,Mobile phone offences,Offences
Waitemata,Auckland Motorways,2016-02-01,284.0,Mobile phone offences,Offences
Waitemata,Auckland Motorways,2016-03-01,234.0,Mobile phone offences,Offences
Waitemata,Auckland Motorways,2016-04-01,191.0,Mobile phone offences,Offences
Waitemata,Auckland Motorways,2016-05-01,295.0,Mobile phone offences,Offences
Waitemata,Auckland Motorways,2016-06-01,225.0,Mobile phone offences,Offences
Waitemata,Auckland Motorways,2016-07-01,153.0,Mobile phone offences,Offences
Waitemata,Auckland Motorways,2016-08-01,218.0,Mobile phone offences,Offences
Waitemata,Auckland Motorways,2016-09-01,227.0,Mobile phone offences,Offences
Waitemata,Auckland Motorways,2009-01-01,0.0,Mobile phone offences,Fines
Waitemata,Auckland Motorways,2009-02-01,0.0,Mobile phone offences,Fines
Waitemata,Auckland Motorways,2009-03-01,0.0,Mobile phone offences,Fines
Waitemata,Auckland Motorways,2009-04-01,0.0,Mobile phone offences,Fines
Waitemata,Auckland Motorways,2009-05-01,0.0,Mobile phone offences,Fines
Waitemata,Auckland Motorways,2009-06-01,0.0,Mobile phone offences,Fines
Waitemata,Auckland Motorways,2009-07-01,0.0,Mobile phone offences,Fines
Waitemata,Auckland Motorways,2009-08-01,0.0,Mobile phone offences,Fines
Waitemata,Auckland Motorways,2009-09-01,0.0,Mobile phone offences,Fines
Waitemata,Auckland Motorways,2009-10-01,0.0,Mobile phone offences,Fines
Waitemata,Auckland Motorways,2009-11-01,3590.0,Mobile phone offences,Fines
Waitemata,Auckland Motorways,2009-12-01,2320.0,Mobile phone offences,Fines
Waitemata,Auckland Motorways,2010-01-01,2710.0,Mobile phone offences,Fines
Waitemata,Auckland Motorways,2010-02-01,3190.0,Mobile phone offences,Fines
Waitemata,Auckland Motorways,2010-03-01,5280.0,Mobile phone offences,Fines
Waitemata,Auckland Motorways,2010-04-01,4720.0,Mobile phone offences,Fines
Waitemata,Auckland Motorways,2010-05-01,5520.0,Mobile phone offences,Fines
Waitemata,Auckland Motorways,2010-06-01,6400.0,Mobile phone offences,Fines
Waitemata,Auckland Motorways,2010-07-01,6400.0,Mobile phone offences,Fines
Waitemata,Auckland Motorways,2010-08-01,9040.0,Mobile phone offences,Fines
Waitemata,Auckland Motorways,2010-09-01,6400.0,Mobile phone offences,Fines
Waitemata,Auckland Motorways,2010-10-01,7590.0,Mobile phone offences,Fines
Waitemata,Auckland Motorways,2010-11-01,6e3,Mobile phone offences,Fines
Waitemata,Auckland Motorways,2010-12-01,6240.0,Mobile phone offences,Fines
Waitemata,Auckland Motorways,2011-01-01,3120.0,Mobile phone offences,Fines
Waitemata,Auckland Motorways,2011-02-01,3680.0,Mobile phone offences,Fines
Waitemata,Auckland Motorways,2011-03-01,6240.0,Mobile phone offences,Fines
Waitemata,Auckland Motorways,2011-04-01,6630.0,Mobile phone offences,Fines
Waitemata,Auckland Motorways,2011-05-01,7928.0,Mobile phone offences,Fines
Waitemata,Auckland Motorways,2011-06-01,7120.0,Mobile phone offences,Fines
Waitemata,Auckland Motorways,2011-07-01,5600.0,Mobile phone offences,Fines
Waitemata,Auckland Motorways,2011-08-01,7120.0,Mobile phone offences,Fines
Waitemata,Auckland Motorways,2011-09-01,5680.0,Mobile phone offences,Fines
Waitemata,Auckland Motorways,2011-10-01,6640.0,Mobile phone offences,Fines
Waitemata,Auckland Motorways,2011-11-01,8960.0,Mobile phone offences,Fines
Waitemata,Auckland Motorways,2011-12-01,8400.0,Mobile phone offences,Fines
Waitemata,Auckland Motorways,2012-01-01,7680.0,Mobile phone offences,Fines
Waitemata,Auckland Motorways,2012-02-01,5600.0,Mobile phone offences,Fines
Waitemata,Auckland Motorways,2012-03-01,6160.0,Mobile phone offences,Fines
Waitemata,Auckland Motorways,2012-04-01,6320.0,Mobile phone offences,Fines
Waitemata,Auckland Motorways,2012-05-01,8800.0,Mobile phone offences,Fines
Waitemata,Auckland Motorways,2012-06-01,5520.0,Mobile phone offences,Fines
Waitemata,Auckland Motorways,2012-07-01,5760.0,Mobile phone offences,Fines
Waitemata,Auckland Motorways,2012-08-01,7280.0,Mobile phone offences,Fines
Waitemata,Auckland Motorways,2012-09-01,8e3,Mobile phone offences,Fines
Waitemata,Auckland Motorways,2012-10-01,8800.0,Mobile phone offences,Fines
Waitemata,Auckland Motorways,2012-11-01,10320.0,Mobile phone offences,Fines
Waitemata,Auckland Motorways,2012-12-01,8160.0,Mobile phone offences,Fines
Waitemata,Auckland Motorways,2013-01-01,4080.0,Mobile phone offences,Fines
Waitemata,Auckland Motorways,2013-02-01,5120.0,Mobile phone offences,Fines
Waitemata,Auckland Motorways,2013-03-01,5440.0,Mobile phone offences,Fines
Waitemata,Auckland Motorways,2013-04-01,12080.0,Mobile phone offences,Fines
Waitemata,Auckland Motorways,2013-05-01,9120.0,Mobile phone offences,Fines
Waitemata,Auckland Motorways,2013-06-01,11680.0,Mobile phone offences,Fines
Waitemata,Auckland Motorways,2013-07-01,6960.0,Mobile phone offences,Fines
Waitemata,Auckland Motorways,2013-08-01,8880.0,Mobile phone offences,Fines
Waitemata,Auckland Motorways,2013-09-01,10960.0,Mobile phone offences,Fines
Waitemata,Auckland Motorways,2013-10-01,12560.0,Mobile phone offences,Fines
Waitemata,Auckland Motorways,2013-11-01,9120.0,Mobile phone offences,Fines
Waitemata,Auckland Motorways,2013-12-01,9280.0,Mobile phone offences,Fines
Waitemata,Auckland Motorways,2014-01-01,11440.0,Mobile phone offences,Fines
Waitemata,Auckland Motorways,2014-02-01,18240.0,Mobile phone offences,Fines
Waitemata,Auckland Motorways,2014-03-01,14720.0,Mobile phone offences,Fines
Waitemata,Auckland Motorways,2014-04-01,11200.0,Mobile phone offences,Fines
Waitemata,Auckland Motorways,2014-05-01,23040.0,Mobile phone offences,Fines
Waitemata,Auckland Motorways,2014-06-01,17040.0,Mobile phone offences,Fines
Waitemata,Auckland Motorways,2014-07-01,12400.0,Mobile phone offences,Fines
Waitemata,Auckland Motorways,2014-08-01,9120.0,Mobile phone offences,Fines
Waitemata,Auckland Motorways,2014-09-01,10800.0,Mobile phone offences,Fines
Waitemata,Auckland Motorways,2014-10-01,8080.0,Mobile phone offences,Fines
Waitemata,Auckland Motorways,2014-11-01,12080.0,Mobile phone offences,Fines
Waitemata,Auckland Motorways,2014-12-01,11520.0,Mobile phone offences,Fines
Waitemata,Auckland Motorways,2015-01-01,7920.0,Mobile phone offences,Fines
Waitemata,Auckland Motorways,2015-02-01,15120.0,Mobile phone offences,Fines
Waitemata,Auckland Motorways,2015-03-01,13840.0,Mobile phone offences,Fines
Waitemata,Auckland Motorways,2015-04-01,15200.0,Mobile phone offences,Fines
Waitemata,Auckland Motorways,2015-05-01,12880.0,Mobile phone offences,Fines
Waitemata,Auckland Motorways,2015-06-01,11760.0,Mobile phone offences,Fines
Waitemata,Auckland Motorways,2015-07-01,10640.0,Mobile phone offences,Fines
Waitemata,Auckland Motorways,2015-08-01,13280.0,Mobile phone offences,Fines
Waitemata,Auckland Motorways,2015-09-01,22480.0,Mobile phone offences,Fines
Waitemata,Auckland Motorways,2015-10-01,16800.0,Mobile phone offences,Fines
Waitemata,Auckland Motorways,2015-11-01,20400.0,Mobile phone offences,Fines
Waitemata,Auckland Motorways,2015-12-01,10640.0,Mobile phone offences,Fines
Waitemata,Auckland Motorways,2016-01-01,9200.0,Mobile phone offences,Fines
Waitemata,Auckland Motorways,2016-02-01,22480.0,Mobile phone offences,Fines
Waitemata,Auckland Motorways,2016-03-01,18560.0,Mobile phone offences,Fines
Waitemata,Auckland Motorways,2016-04-01,14800.0,Mobile phone offences,Fines
Waitemata,Auckland Motorways,2016-05-01,23040.0,Mobile phone offences,Fines
Waitemata,Auckland Motorways,2016-06-01,18e3,Mobile phone offences,Fines
Waitemata,Auckland Motorways,2016-07-01,12e3,Mobile phone offences,Fines
Waitemata,Auckland Motorways,2016-08-01,17360.0,Mobile phone offences,Fines
Waitemata,Auckland Motorways,2016-09-01,18080.0,Mobile phone offences,Fines
Waitemata,Auckland Motorways,2009-01-01,17.0,Officer-issued red light,Offences
Waitemata,Auckland Motorways,2009-02-01,17.0,Officer-issued red light,Offences
Waitemata,Auckland Motorways,2009-03-01,21.0,Officer-issued red light,Offences
Waitemata,Auckland Motorways,2009-04-01,17.0,Officer-issued red light,Offences
Waitemata,Auckland Motorways,2009-05-01,21.0,Officer-issued red light,Offences
Waitemata,Auckland Motorways,2009-06-01,11.0,Officer-issued red light,Offences
Waitemata,Auckland Motorways,2009-07-01,15.0,Officer-issued red light,Offences
Waitemata,Auckland Motorways,2009-08-01,17.0,Officer-issued red light,Offences
Waitemata,Auckland Motorways,2009-09-01,8.0,Officer-issued red light,Offences
Waitemata,Auckland Motorways,2009-10-01,7.0,Officer-issued red light,Offences
Waitemata,Auckland Motorways,2009-11-01,16.0,Officer-issued red light,Offences
Waitemata,Auckland Motorways,2009-12-01,11.0,Officer-issued red light,Offences
Waitemata,Auckland Motorways,2010-01-01,14.0,Officer-issued red light,Offences
Waitemata,Auckland Motorways,2010-02-01,8.0,Officer-issued red light,Offences
Waitemata,Auckland Motorways,2010-03-01,14.0,Officer-issued red light,Offences
Waitemata,Auckland Motorways,2010-04-01,10.0,Officer-issued red light,Offences
Waitemata,Auckland Motorways,2010-05-01,20.0,Officer-issued red light,Offences
Waitemata,Auckland Motorways,2010-06-01,10.0,Officer-issued red light,Offences
Waitemata,Auckland Motorways,2010-07-01,16.0,Officer-issued red light,Offences
Waitemata,Auckland Motorways,2010-08-01,22.0,Officer-issued red light,Offences
Waitemata,Auckland Motorways,2010-09-01,10.0,Officer-issued red light,Offences
Waitemata,Auckland Motorways,2010-10-01,15.0,Officer-issued red light,Offences
Waitemata,Auckland Motorways,2010-11-01,14.0,Officer-issued red light,Offences
Waitemata,Auckland Motorways,2010-12-01,18.0,Officer-issued red light,Offences
Waitemata,Auckland Motorways,2011-01-01,12.0,Officer-issued red light,Offences
Waitemata,Auckland Motorways,2011-02-01,14.0,Officer-issued red light,Offences
Waitemata,Auckland Motorways,2011-03-01,14.0,Officer-issued red light,Offences
Waitemata,Auckland Motorways,2011-04-01,13.0,Officer-issued red light,Offences
Waitemata,Auckland Motorways,2011-05-01,26.0,Officer-issued red light,Offences
Waitemata,Auckland Motorways,2011-06-01,21.0,Officer-issued red light,Offences
Waitemata,Auckland Motorways,2011-07-01,19.0,Officer-issued red light,Offences
Waitemata,Auckland Motorways,2011-08-01,18.0,Officer-issued red light,Offences
Waitemata,Auckland Motorways,2011-09-01,14.0,Officer-issued red light,Offences
Waitemata,Auckland Motorways,2011-10-01,9.0,Officer-issued red light,Offences
Waitemata,Auckland Motorways,2011-11-01,16.0,Officer-issued red light,Offences
Waitemata,Auckland Motorways,2011-12-01,9.0,Officer-issued red light,Offences
Waitemata,Auckland Motorways,2012-01-01,17.0,Officer-issued red light,Offences
Waitemata,Auckland Motorways,2012-02-01,16.0,Officer-issued red light,Offences
Waitemata,Auckland Motorways,2012-03-01,18.0,Officer-issued red light,Offences
Waitemata,Auckland Motorways,2012-04-01,11.0,Officer-issued red light,Offences
Waitemata,Auckland Motorways,2012-05-01,14.0,Officer-issued red light,Offences
Waitemata,Auckland Motorways,2012-06-01,14.0,Officer-issued red light,Offences
Waitemata,Auckland Motorways,2012-07-01,22.0,Officer-issued red light,Offences
Waitemata,Auckland Motorways,2012-08-01,17.0,Officer-issued red light,Offences
Waitemata,Auckland Motorways,2012-09-01,11.0,Officer-issued red light,Offences
Waitemata,Auckland Motorways,2012-10-01,5.0,Officer-issued red light,Offences
Waitemata,Auckland Motorways,2012-11-01,15.0,Officer-issued red light,Offences
Waitemata,Auckland Motorways,2012-12-01,14.0,Officer-issued red light,Offences
Waitemata,Auckland Motorways,2013-01-01,13.0,Officer-issued red light,Offences
Waitemata,Auckland Motorways,2013-02-01,15.0,Officer-issued red light,Offences
Waitemata,Auckland Motorways,2013-03-01,11.0,Officer-issued red light,Offences
Waitemata,Auckland Motorways,2013-04-01,18.0,Officer-issued red light,Offences
Waitemata,Auckland Motorways,2013-05-01,25.0,Officer-issued red light,Offences
Waitemata,Auckland Motorways,2013-06-01,31.0,Officer-issued red light,Offences
Waitemata,Auckland Motorways,2013-07-01,24.0,Officer-issued red light,Offences
Waitemata,Auckland Motorways,2013-08-01,20.0,Officer-issued red light,Offences
Waitemata,Auckland Motorways,2013-09-01,23.0,Officer-issued red light,Offences
Waitemata,Auckland Motorways,2013-10-01,27.0,Officer-issued red light,Offences
Waitemata,Auckland Motorways,2013-11-01,25.0,Officer-issued red light,Offences
Waitemata,Auckland Motorways,2013-12-01,12.0,Officer-issued red light,Offences
Waitemata,Auckland Motorways,2014-01-01,24.0,Officer-issued red light,Offences
Waitemata,Auckland Motorways,2014-02-01,29.0,Officer-issued red light,Offences
Waitemata,Auckland Motorways,2014-03-01,19.0,Officer-issued red light,Offences
Waitemata,Auckland Motorways,2014-04-01,70.0,Officer-issued red light,Offences
Waitemata,Auckland Motorways,2014-05-01,34.0,Officer-issued red light,Offences
Waitemata,Auckland Motorways,2014-06-01,42.0,Officer-issued red light,Offences
Waitemata,Auckland Motorways,2014-07-01,14.0,Officer-issued red light,Offences
Waitemata,Auckland Motorways,2014-08-01,14.0,Officer-issued red light,Offences
Waitemata,Auckland Motorways,2014-09-01,17.0,Officer-issued red light,Offences
Waitemata,Auckland Motorways,2014-10-01,8.0,Officer-issued red light,Offences
Waitemata,Auckland Motorways,2014-11-01,19.0,Officer-issued red light,Offences
Waitemata,Auckland Motorways,2014-12-01,20.0,Officer-issued red light,Offences
Waitemata,Auckland Motorways,2015-01-01,14.0,Officer-issued red light,Offences
Waitemata,Auckland Motorways,2015-02-01,6.0,Officer-issued red light,Offences
Waitemata,Auckland Motorways,2015-03-01,18.0,Officer-issued red light,Offences
Waitemata,Auckland Motorways,2015-04-01,10.0,Officer-issued red light,Offences
Waitemata,Auckland Motorways,2015-05-01,14.0,Officer-issued red light,Offences
Waitemata,Auckland Motorways,2015-06-01,19.0,Officer-issued red light,Offences
Waitemata,Auckland Motorways,2015-07-01,16.0,Officer-issued red light,Offences
Waitemata,Auckland Motorways,2015-08-01,12.0,Officer-issued red light,Offences
Waitemata,Auckland Motorways,2015-09-01,14.0,Officer-issued red light,Offences
Waitemata,Auckland Motorways,2015-10-01,11.0,Officer-issued red light,Offences
Waitemata,Auckland Motorways,2015-11-01,24.0,Officer-issued red light,Offences
Waitemata,Auckland Motorways,2015-12-01,19.0,Officer-issued red light,Offences
Waitemata,Auckland Motorways,2016-01-01,12.0,Officer-issued red light,Offences
Waitemata,Auckland Motorways,2016-02-01,19.0,Officer-issued red light,Offences
Waitemata,Auckland Motorways,2016-03-01,18.0,Officer-issued red light,Offences
Waitemata,Auckland Motorways,2016-04-01,17.0,Officer-issued red light,Offences
Waitemata,Auckland Motorways,2016-05-01,22.0,Officer-issued red light,Offences
Waitemata,Auckland Motorways,2016-06-01,20.0,Officer-issued red light,Offences
Waitemata,Auckland Motorways,2016-07-01,21.0,Officer-issued red light,Offences
Waitemata,Auckland Motorways,2016-08-01,14.0,Officer-issued red light,Offences
Waitemata,Auckland Motorways,2016-09-01,18.0,Officer-issued red light,Offences
Waitemata,Auckland Motorways,2009-01-01,2550.0,Officer-issued red light,Fines
Waitemata,Auckland Motorways,2009-02-01,2550.0,Officer-issued red light,Fines
Waitemata,Auckland Motorways,2009-03-01,3150.0,Officer-issued red light,Fines
Waitemata,Auckland Motorways,2009-04-01,2550.0,Officer-issued red light,Fines
Waitemata,Auckland Motorways,2009-05-01,3150.0,Officer-issued red light,Fines
Waitemata,Auckland Motorways,2009-06-01,1650.0,Officer-issued red light,Fines
Waitemata,Auckland Motorways,2009-07-01,2250.0,Officer-issued red light,Fines
Waitemata,Auckland Motorways,2009-08-01,2550.0,Officer-issued red light,Fines
Waitemata,Auckland Motorways,2009-09-01,1200.0,Officer-issued red light,Fines
Waitemata,Auckland Motorways,2009-10-01,1050.0,Officer-issued red light,Fines
Waitemata,Auckland Motorways,2009-11-01,2400.0,Officer-issued red light,Fines
Waitemata,Auckland Motorways,2009-12-01,1650.0,Officer-issued red light,Fines
Waitemata,Auckland Motorways,2010-01-01,2100.0,Officer-issued red light,Fines
Waitemata,Auckland Motorways,2010-02-01,1200.0,Officer-issued red light,Fines
Waitemata,Auckland Motorways,2010-03-01,2100.0,Officer-issued red light,Fines
Waitemata,Auckland Motorways,2010-04-01,1500.0,Officer-issued red light,Fines
Waitemata,Auckland Motorways,2010-05-01,3e3,Officer-issued red light,Fines
Waitemata,Auckland Motorways,2010-06-01,1500.0,Officer-issued red light,Fines
Waitemata,Auckland Motorways,2010-07-01,2400.0,Officer-issued red light,Fines
Waitemata,Auckland Motorways,2010-08-01,3300.0,Officer-issued red light,Fines
Waitemata,Auckland Motorways,2010-09-01,1500.0,Officer-issued red light,Fines
Waitemata,Auckland Motorways,2010-10-01,2250.0,Officer-issued red light,Fines
Waitemata,Auckland Motorways,2010-11-01,2100.0,Officer-issued red light,Fines
Waitemata,Auckland Motorways,2010-12-01,2700.0,Officer-issued red light,Fines
Waitemata,Auckland Motorways,2011-01-01,1800.0,Officer-issued red light,Fines
Waitemata,Auckland Motorways,2011-02-01,2100.0,Officer-issued red light,Fines
Waitemata,Auckland Motorways,2011-03-01,2100.0,Officer-issued red light,Fines
Waitemata,Auckland Motorways,2011-04-01,1950.0,Officer-issued red light,Fines
Waitemata,Auckland Motorways,2011-05-01,3900.0,Officer-issued red light,Fines
Waitemata,Auckland Motorways,2011-06-01,3150.0,Officer-issued red light,Fines
Waitemata,Auckland Motorways,2011-07-01,2850.0,Officer-issued red light,Fines
Waitemata,Auckland Motorways,2011-08-01,2700.0,Officer-issued red light,Fines
Waitemata,Auckland Motorways,2011-09-01,2100.0,Officer-issued red light,Fines
Waitemata,Auckland Motorways,2011-10-01,1350.0,Officer-issued red light,Fines
Waitemata,Auckland Motorways,2011-11-01,2400.0,Officer-issued red light,Fines
Waitemata,Auckland Motorways,2011-12-01,1350.0,Officer-issued red light,Fines
Waitemata,Auckland Motorways,2012-01-01,2550.0,Officer-issued red light,Fines
Waitemata,Auckland Motorways,2012-02-01,2400.0,Officer-issued red light,Fines
Waitemata,Auckland Motorways,2012-03-01,2700.0,Officer-issued red light,Fines
Waitemata,Auckland Motorways,2012-04-01,1650.0,Officer-issued red light,Fines
Waitemata,Auckland Motorways,2012-05-01,2100.0,Officer-issued red light,Fines
Waitemata,Auckland Motorways,2012-06-01,2100.0,Officer-issued red light,Fines
Waitemata,Auckland Motorways,2012-07-01,3300.0,Officer-issued red light,Fines
Waitemata,Auckland Motorways,2012-08-01,2550.0,Officer-issued red light,Fines
Waitemata,Auckland Motorways,2012-09-01,1650.0,Officer-issued red light,Fines
Waitemata,Auckland Motorways,2012-10-01,750.0,Officer-issued red light,Fines
Waitemata,Auckland Motorways,2012-11-01,2250.0,Officer-issued red light,Fines
Waitemata,Auckland Motorways,2012-12-01,2100.0,Officer-issued red light,Fines
Waitemata,Auckland Motorways,2013-01-01,1950.0,Officer-issued red light,Fines
Waitemata,Auckland Motorways,2013-02-01,2250.0,Officer-issued red light,Fines
Waitemata,Auckland Motorways,2013-03-01,1650.0,Officer-issued red light,Fines
Waitemata,Auckland Motorways,2013-04-01,2700.0,Officer-issued red light,Fines
Waitemata,Auckland Motorways,2013-05-01,3750.0,Officer-issued red light,Fines
Waitemata,Auckland Motorways,2013-06-01,4650.0,Officer-issued red light,Fines
Waitemata,Auckland Motorways,2013-07-01,3600.0,Officer-issued red light,Fines
Waitemata,Auckland Motorways,2013-08-01,3e3,Officer-issued red light,Fines
Waitemata,Auckland Motorways,2013-09-01,3450.0,Officer-issued red light,Fines
Waitemata,Auckland Motorways,2013-10-01,4050.0,Officer-issued red light,Fines
Waitemata,Auckland Motorways,2013-11-01,3750.0,Officer-issued red light,Fines
Waitemata,Auckland Motorways,2013-12-01,1800.0,Officer-issued red light,Fines
Waitemata,Auckland Motorways,2014-01-01,3600.0,Officer-issued red light,Fines
Waitemata,Auckland Motorways,2014-02-01,4350.0,Officer-issued red light,Fines
Waitemata,Auckland Motorways,2014-03-01,2850.0,Officer-issued red light,Fines
Waitemata,Auckland Motorways,2014-04-01,10500.0,Officer-issued red light,Fines
Waitemata,Auckland Motorways,2014-05-01,5100.0,Officer-issued red light,Fines
Waitemata,Auckland Motorways,2014-06-01,6300.0,Officer-issued red light,Fines
Waitemata,Auckland Motorways,2014-07-01,1950.0,Officer-issued red light,Fines
Waitemata,Auckland Motorways,2014-08-01,2100.0,Officer-issued red light,Fines
Waitemata,Auckland Motorways,2014-09-01,2250.0,Officer-issued red light,Fines
Waitemata,Auckland Motorways,2014-10-01,1200.0,Officer-issued red light,Fines
Waitemata,Auckland Motorways,2014-11-01,2850.0,Officer-issued red light,Fines
Waitemata,Auckland Motorways,2014-12-01,2700.0,Officer-issued red light,Fines
Waitemata,Auckland Motorways,2015-01-01,1950.0,Officer-issued red light,Fines
Waitemata,Auckland Motorways,2015-02-01,900.0,Officer-issued red light,Fines
Waitemata,Auckland Motorways,2015-03-01,2700.0,Officer-issued red light,Fines
Waitemata,Auckland Motorways,2015-04-01,1500.0,Officer-issued red light,Fines
Waitemata,Auckland Motorways,2015-05-01,2100.0,Officer-issued red light,Fines
Waitemata,Auckland Motorways,2015-06-01,2850.0,Officer-issued red light,Fines
Waitemata,Auckland Motorways,2015-07-01,2250.0,Officer-issued red light,Fines
Waitemata,Auckland Motorways,2015-08-01,1800.0,Officer-issued red light,Fines
Waitemata,Auckland Motorways,2015-09-01,2100.0,Officer-issued red light,Fines
Waitemata,Auckland Motorways,2015-10-01,1650.0,Officer-issued red light,Fines
Waitemata,Auckland Motorways,2015-11-01,3600.0,Officer-issued red light,Fines
Waitemata,Auckland Motorways,2015-12-01,2250.0,Officer-issued red light,Fines
Waitemata,Auckland Motorways,2016-01-01,1650.0,Officer-issued red light,Fines
Waitemata,Auckland Motorways,2016-02-01,2700.0,Officer-issued red light,Fines
Waitemata,Auckland Motorways,2016-03-01,2700.0,Officer-issued red light,Fines
Waitemata,Auckland Motorways,2016-04-01,2400.0,Officer-issued red light,Fines
Waitemata,Auckland Motorways,2016-05-01,3150.0,Officer-issued red light,Fines
Waitemata,Auckland Motorways,2016-06-01,3e3,Officer-issued red light,Fines
Waitemata,Auckland Motorways,2016-07-01,3e3,Officer-issued red light,Fines
Waitemata,Auckland Motorways,2016-08-01,2100.0,Officer-issued red light,Fines
Waitemata,Auckland Motorways,2016-09-01,2700.0,Officer-issued red light,Fines
Waitemata,Auckland Motorways,2009-01-01,235.0,Restraints,Offences
Waitemata,Auckland Motorways,2009-02-01,280.0,Restraints,Offences
Waitemata,Auckland Motorways,2009-03-01,596.0,Restraints,Offences
Waitemata,Auckland Motorways,2009-04-01,250.0,Restraints,Offences
Waitemata,Auckland Motorways,2009-05-01,283.0,Restraints,Offences
Waitemata,Auckland Motorways,2009-06-01,355.0,Restraints,Offences
Waitemata,Auckland Motorways,2009-07-01,199.0,Restraints,Offences
Waitemata,Auckland Motorways,2009-08-01,206.0,Restraints,Offences
Waitemata,Auckland Motorways,2009-09-01,263.0,Restraints,Offences
Waitemata,Auckland Motorways,2009-10-01,220.0,Restraints,Offences
Waitemata,Auckland Motorways,2009-11-01,178.0,Restraints,Offences
Waitemata,Auckland Motorways,2009-12-01,183.0,Restraints,Offences
Waitemata,Auckland Motorways,2010-01-01,182.0,Restraints,Offences
Waitemata,Auckland Motorways,2010-02-01,133.0,Restraints,Offences
Waitemata,Auckland Motorways,2010-03-01,429.0,Restraints,Offences
Waitemata,Auckland Motorways,2010-04-01,256.0,Restraints,Offences
Waitemata,Auckland Motorways,2010-05-01,385.0,Restraints,Offences
Waitemata,Auckland Motorways,2010-06-01,297.0,Restraints,Offences
Waitemata,Auckland Motorways,2010-07-01,276.0,Restraints,Offences
Waitemata,Auckland Motorways,2010-08-01,374.0,Restraints,Offences
Waitemata,Auckland Motorways,2010-09-01,204.0,Restraints,Offences
Waitemata,Auckland Motorways,2010-10-01,233.0,Restraints,Offences
Waitemata,Auckland Motorways,2010-11-01,283.0,Restraints,Offences
Waitemata,Auckland Motorways,2010-12-01,228.0,Restraints,Offences
Waitemata,Auckland Motorways,2011-01-01,303.0,Restraints,Offences
Waitemata,Auckland Motorways,2011-02-01,157.0,Restraints,Offences
Waitemata,Auckland Motorways,2011-03-01,151.0,Restraints,Offences
Waitemata,Auckland Motorways,2011-04-01,139.0,Restraints,Offences
Waitemata,Auckland Motorways,2011-05-01,164.0,Restraints,Offences
Waitemata,Auckland Motorways,2011-06-01,125.0,Restraints,Offences
Waitemata,Auckland Motorways,2011-07-01,201.0,Restraints,Offences
Waitemata,Auckland Motorways,2011-08-01,115.0,Restraints,Offences
Waitemata,Auckland Motorways,2011-09-01,142.0,Restraints,Offences
Waitemata,Auckland Motorways,2011-10-01,151.0,Restraints,Offences
Waitemata,Auckland Motorways,2011-11-01,218.0,Restraints,Offences
Waitemata,Auckland Motorways,2011-12-01,174.0,Restraints,Offences
Waitemata,Auckland Motorways,2012-01-01,238.0,Restraints,Offences
Waitemata,Auckland Motorways,2012-02-01,118.0,Restraints,Offences
Waitemata,Auckland Motorways,2012-03-01,110.0,Restraints,Offences
Waitemata,Auckland Motorways,2012-04-01,86.0,Restraints,Offences
Waitemata,Auckland Motorways,2012-05-01,99.0,Restraints,Offences
Waitemata,Auckland Motorways,2012-06-01,78.0,Restraints,Offences
Waitemata,Auckland Motorways,2012-07-01,201.0,Restraints,Offences
Waitemata,Auckland Motorways,2012-08-01,182.0,Restraints,Offences
Waitemata,Auckland Motorways,2012-09-01,260.0,Restraints,Offences
Waitemata,Auckland Motorways,2012-10-01,100.0,Restraints,Offences
Waitemata,Auckland Motorways,2012-11-01,77.0,Restraints,Offences
Waitemata,Auckland Motorways,2012-12-01,101.0,Restraints,Offences
Waitemata,Auckland Motorways,2013-01-01,95.0,Restraints,Offences
Waitemata,Auckland Motorways,2013-02-01,89.0,Restraints,Offences
Waitemata,Auckland Motorways,2013-03-01,63.0,Restraints,Offences
Waitemata,Auckland Motorways,2013-04-01,105.0,Restraints,Offences
Waitemata,Auckland Motorways,2013-05-01,100.0,Restraints,Offences
Waitemata,Auckland Motorways,2013-06-01,89.0,Restraints,Offences
Waitemata,Auckland Motorways,2013-07-01,100.0,Restraints,Offences
Waitemata,Auckland Motorways,2013-08-01,131.0,Restraints,Offences
Waitemata,Auckland Motorways,2013-09-01,57.0,Restraints,Offences
Waitemata,Auckland Motorways,2013-10-01,113.0,Restraints,Offences
Waitemata,Auckland Motorways,2013-11-01,123.0,Restraints,Offences
Waitemata,Auckland Motorways,2013-12-01,151.0,Restraints,Offences
Waitemata,Auckland Motorways,2014-01-01,200.0,Restraints,Offences
Waitemata,Auckland Motorways,2014-02-01,195.0,Restraints,Offences
Waitemata,Auckland Motorways,2014-03-01,92.0,Restraints,Offences
Waitemata,Auckland Motorways,2014-04-01,115.0,Restraints,Offences
Waitemata,Auckland Motorways,2014-05-01,132.0,Restraints,Offences
Waitemata,Auckland Motorways,2014-06-01,68.0,Restraints,Offences
Waitemata,Auckland Motorways,2014-07-01,71.0,Restraints,Offences
Waitemata,Auckland Motorways,2014-08-01,51.0,Restraints,Offences
Waitemata,Auckland Motorways,2014-09-01,57.0,Restraints,Offences
Waitemata,Auckland Motorways,2014-10-01,106.0,Restraints,Offences
Waitemata,Auckland Motorways,2014-11-01,87.0,Restraints,Offences
Waitemata,Auckland Motorways,2014-12-01,79.0,Restraints,Offences
Waitemata,Auckland Motorways,2015-01-01,63.0,Restraints,Offences
Waitemata,Auckland Motorways,2015-02-01,82.0,Restraints,Offences
Waitemata,Auckland Motorways,2015-03-01,73.0,Restraints,Offences
Waitemata,Auckland Motorways,2015-04-01,85.0,Restraints,Offences
Waitemata,Auckland Motorways,2015-05-01,44.0,Restraints,Offences
Waitemata,Auckland Motorways,2015-06-01,65.0,Restraints,Offences
Waitemata,Auckland Motorways,2015-07-01,33.0,Restraints,Offences
Waitemata,Auckland Motorways,2015-08-01,30.0,Restraints,Offences
Waitemata,Auckland Motorways,2015-09-01,70.0,Restraints,Offences
Waitemata,Auckland Motorways,2015-10-01,78.0,Restraints,Offences
Waitemata,Auckland Motorways,2015-11-01,60.0,Restraints,Offences
Waitemata,Auckland Motorways,2015-12-01,41.0,Restraints,Offences
Waitemata,Auckland Motorways,2016-01-01,52.0,Restraints,Offences
Waitemata,Auckland Motorways,2016-02-01,135.0,Restraints,Offences
Waitemata,Auckland Motorways,2016-03-01,129.0,Restraints,Offences
Waitemata,Auckland Motorways,2016-04-01,78.0,Restraints,Offences
Waitemata,Auckland Motorways,2016-05-01,77.0,Restraints,Offences
Waitemata,Auckland Motorways,2016-06-01,114.0,Restraints,Offences
Waitemata,Auckland Motorways,2016-07-01,66.0,Restraints,Offences
Waitemata,Auckland Motorways,2016-08-01,56.0,Restraints,Offences
Waitemata,Auckland Motorways,2016-09-01,53.0,Restraints,Offences
Waitemata,Auckland Motorways,2009-01-01,35250.0,Restraints,Fines
Waitemata,Auckland Motorways,2009-02-01,42e3,Restraints,Fines
Waitemata,Auckland Motorways,2009-03-01,89400.0,Restraints,Fines
Waitemata,Auckland Motorways,2009-04-01,37500.0,Restraints,Fines
Waitemata,Auckland Motorways,2009-05-01,42450.0,Restraints,Fines
Waitemata,Auckland Motorways,2009-06-01,53250.0,Restraints,Fines
Waitemata,Auckland Motorways,2009-07-01,29850.0,Restraints,Fines
Waitemata,Auckland Motorways,2009-08-01,30900.0,Restraints,Fines
Waitemata,Auckland Motorways,2009-09-01,39450.0,Restraints,Fines
Waitemata,Auckland Motorways,2009-10-01,33e3,Restraints,Fines
Waitemata,Auckland Motorways,2009-11-01,26700.0,Restraints,Fines
Waitemata,Auckland Motorways,2009-12-01,27450.0,Restraints,Fines
Waitemata,Auckland Motorways,2010-01-01,27300.0,Restraints,Fines
Waitemata,Auckland Motorways,2010-02-01,19950.0,Restraints,Fines
Waitemata,Auckland Motorways,2010-03-01,64350.0,Restraints,Fines
Waitemata,Auckland Motorways,2010-04-01,38400.0,Restraints,Fines
Waitemata,Auckland Motorways,2010-05-01,57680.0,Restraints,Fines
Waitemata,Auckland Motorways,2010-06-01,44550.0,Restraints,Fines
Waitemata,Auckland Motorways,2010-07-01,41400.0,Restraints,Fines
Waitemata,Auckland Motorways,2010-08-01,56100.0,Restraints,Fines
Waitemata,Auckland Motorways,2010-09-01,30600.0,Restraints,Fines
Waitemata,Auckland Motorways,2010-10-01,34950.0,Restraints,Fines
Waitemata,Auckland Motorways,2010-11-01,42450.0,Restraints,Fines
Waitemata,Auckland Motorways,2010-12-01,34200.0,Restraints,Fines
Waitemata,Auckland Motorways,2011-01-01,45450.0,Restraints,Fines
Waitemata,Auckland Motorways,2011-02-01,23550.0,Restraints,Fines
Waitemata,Auckland Motorways,2011-03-01,22650.0,Restraints,Fines
Waitemata,Auckland Motorways,2011-04-01,20850.0,Restraints,Fines
Waitemata,Auckland Motorways,2011-05-01,24600.0,Restraints,Fines
Waitemata,Auckland Motorways,2011-06-01,18750.0,Restraints,Fines
Waitemata,Auckland Motorways,2011-07-01,30150.0,Restraints,Fines
Waitemata,Auckland Motorways,2011-08-01,17250.0,Restraints,Fines
Waitemata,Auckland Motorways,2011-09-01,21300.0,Restraints,Fines
Waitemata,Auckland Motorways,2011-10-01,22650.0,Restraints,Fines
Waitemata,Auckland Motorways,2011-11-01,32700.0,Restraints,Fines
Waitemata,Auckland Motorways,2011-12-01,26100.0,Restraints,Fines
Waitemata,Auckland Motorways,2012-01-01,35700.0,Restraints,Fines
Waitemata,Auckland Motorways,2012-02-01,17700.0,Restraints,Fines
Waitemata,Auckland Motorways,2012-03-01,16500.0,Restraints,Fines
Waitemata,Auckland Motorways,2012-04-01,12900.0,Restraints,Fines
Waitemata,Auckland Motorways,2012-05-01,14850.0,Restraints,Fines
Waitemata,Auckland Motorways,2012-06-01,11700.0,Restraints,Fines
Waitemata,Auckland Motorways,2012-07-01,30150.0,Restraints,Fines
Waitemata,Auckland Motorways,2012-08-01,27300.0,Restraints,Fines
Waitemata,Auckland Motorways,2012-09-01,39e3,Restraints,Fines
Waitemata,Auckland Motorways,2012-10-01,15e3,Restraints,Fines
Waitemata,Auckland Motorways,2012-11-01,11550.0,Restraints,Fines
Waitemata,Auckland Motorways,2012-12-01,15150.0,Restraints,Fines
Waitemata,Auckland Motorways,2013-01-01,14250.0,Restraints,Fines
Waitemata,Auckland Motorways,2013-02-01,13350.0,Restraints,Fines
Waitemata,Auckland Motorways,2013-03-01,9450.0,Restraints,Fines
Waitemata,Auckland Motorways,2013-04-01,15750.0,Restraints,Fines
Waitemata,Auckland Motorways,2013-05-01,15e3,Restraints,Fines
Waitemata,Auckland Motorways,2013-06-01,13350.0,Restraints,Fines
Waitemata,Auckland Motorways,2013-07-01,15e3,Restraints,Fines
Waitemata,Auckland Motorways,2013-08-01,19650.0,Restraints,Fines
Waitemata,Auckland Motorways,2013-09-01,8550.0,Restraints,Fines
Waitemata,Auckland Motorways,2013-10-01,16950.0,Restraints,Fines
Waitemata,Auckland Motorways,2013-11-01,18450.0,Restraints,Fines
Waitemata,Auckland Motorways,2013-12-01,22650.0,Restraints,Fines
Waitemata,Auckland Motorways,2014-01-01,3e4,Restraints,Fines
Waitemata,Auckland Motorways,2014-02-01,29250.0,Restraints,Fines
Waitemata,Auckland Motorways,2014-03-01,13800.0,Restraints,Fines
Waitemata,Auckland Motorways,2014-04-01,17250.0,Restraints,Fines
Waitemata,Auckland Motorways,2014-05-01,19800.0,Restraints,Fines
Waitemata,Auckland Motorways,2014-06-01,10200.0,Restraints,Fines
Waitemata,Auckland Motorways,2014-07-01,10650.0,Restraints,Fines
Waitemata,Auckland Motorways,2014-08-01,7650.0,Restraints,Fines
Waitemata,Auckland Motorways,2014-09-01,8400.0,Restraints,Fines
Waitemata,Auckland Motorways,2014-10-01,15900.0,Restraints,Fines
Waitemata,Auckland Motorways,2014-11-01,13050.0,Restraints,Fines
Waitemata,Auckland Motorways,2014-12-01,11700.0,Restraints,Fines
Waitemata,Auckland Motorways,2015-01-01,9300.0,Restraints,Fines
Waitemata,Auckland Motorways,2015-02-01,12300.0,Restraints,Fines
Waitemata,Auckland Motorways,2015-03-01,10950.0,Restraints,Fines
Waitemata,Auckland Motorways,2015-04-01,12750.0,Restraints,Fines
Waitemata,Auckland Motorways,2015-05-01,6600.0,Restraints,Fines
Waitemata,Auckland Motorways,2015-06-01,9750.0,Restraints,Fines
Waitemata,Auckland Motorways,2015-07-01,4950.0,Restraints,Fines
Waitemata,Auckland Motorways,2015-08-01,4500.0,Restraints,Fines
Waitemata,Auckland Motorways,2015-09-01,10350.0,Restraints,Fines
Waitemata,Auckland Motorways,2015-10-01,11550.0,Restraints,Fines
Waitemata,Auckland Motorways,2015-11-01,9e3,Restraints,Fines
Waitemata,Auckland Motorways,2015-12-01,6150.0,Restraints,Fines
Waitemata,Auckland Motorways,2016-01-01,7650.0,Restraints,Fines
Waitemata,Auckland Motorways,2016-02-01,19800.0,Restraints,Fines
Waitemata,Auckland Motorways,2016-03-01,19200.0,Restraints,Fines
Waitemata,Auckland Motorways,2016-04-01,11400.0,Restraints,Fines
Waitemata,Auckland Motorways,2016-05-01,11400.0,Restraints,Fines
Waitemata,Auckland Motorways,2016-06-01,16800.0,Restraints,Fines
Waitemata,Auckland Motorways,2016-07-01,9900.0,Restraints,Fines
Waitemata,Auckland Motorways,2016-08-01,8250.0,Restraints,Fines
Waitemata,Auckland Motorways,2016-09-01,7950.0,Restraints,Fines
Waitemata,Auckland Motorways,2009-01-01,372.0,Camera-issued speed offences,Offences
Waitemata,Auckland Motorways,2009-02-01,288.0,Camera-issued speed offences,Offences
Waitemata,Auckland Motorways,2009-03-01,19.0,Camera-issued speed offences,Offences
Waitemata,Auckland Motorways,2009-04-01,5.0,Camera-issued speed offences,Offences
Waitemata,Auckland Motorways,2009-05-01,21.0,Camera-issued speed offences,Offences
Waitemata,Auckland Motorways,2009-06-01,22.0,Camera-issued speed offences,Offences
Waitemata,Auckland Motorways,2009-07-01,0.0,Camera-issued speed offences,Offences
Waitemata,Auckland Motorways,2009-08-01,0.0,Camera-issued speed offences,Offences
Waitemata,Auckland Motorways,2009-09-01,0.0,Camera-issued speed offences,Offences
Waitemata,Auckland Motorways,2009-10-01,108.0,Camera-issued speed offences,Offences
Waitemata,Auckland Motorways,2009-11-01,34.0,Camera-issued speed offences,Offences
Waitemata,Auckland Motorways,2009-12-01,18.0,Camera-issued speed offences,Offences
Waitemata,Auckland Motorways,2010-01-01,91.0,Camera-issued speed offences,Offences
Waitemata,Auckland Motorways,2010-02-01,798.0,Camera-issued speed offences,Offences
Waitemata,Auckland Motorways,2010-03-01,1121.0,Camera-issued speed offences,Offences
Waitemata,Auckland Motorways,2010-04-01,1354.0,Camera-issued speed offences,Offences
Waitemata,Auckland Motorways,2010-05-01,959.0,Camera-issued speed offences,Offences
Waitemata,Auckland Motorways,2010-06-01,505.0,Camera-issued speed offences,Offences
Waitemata,Auckland Motorways,2010-07-01,921.0,Camera-issued speed offences,Offences
Waitemata,Auckland Motorways,2010-08-01,348.0,Camera-issued speed offences,Offences
Waitemata,Auckland Motorways,2010-09-01,697.0,Camera-issued speed offences,Offences
Waitemata,Auckland Motorways,2010-10-01,1748.0,Camera-issued speed offences,Offences
Waitemata,Auckland Motorways,2010-11-01,616.0,Camera-issued speed offences,Offences
Waitemata,Auckland Motorways,2010-12-01,1489.0,Camera-issued speed offences,Offences
Waitemata,Auckland Motorways,2011-01-01,1559.0,Camera-issued speed offences,Offences
Waitemata,Auckland Motorways,2011-02-01,1474.0,Camera-issued speed offences,Offences
Waitemata,Auckland Motorways,2011-03-01,2131.0,Camera-issued speed offences,Offences
Waitemata,Auckland Motorways,2011-04-01,1439.0,Camera-issued speed offences,Offences
Waitemata,Auckland Motorways,2011-05-01,1464.0,Camera-issued speed offences,Offences
Waitemata,Auckland Motorways,2011-06-01,442.0,Camera-issued speed offences,Offences
Waitemata,Auckland Motorways,2011-07-01,637.0,Camera-issued speed offences,Offences
Waitemata,Auckland Motorways,2011-08-01,1462.0,Camera-issued speed offences,Offences
Waitemata,Auckland Motorways,2011-09-01,713.0,Camera-issued speed offences,Offences
Waitemata,Auckland Motorways,2011-10-01,2550.0,Camera-issued speed offences,Offences
Waitemata,Auckland Motorways,2011-11-01,391.0,Camera-issued speed offences,Offences
Waitemata,Auckland Motorways,2011-12-01,1049.0,Camera-issued speed offences,Offences
Waitemata,Auckland Motorways,2012-01-01,452.0,Camera-issued speed offences,Offences
Waitemata,Auckland Motorways,2012-02-01,634.0,Camera-issued speed offences,Offences
Waitemata,Auckland Motorways,2012-03-01,308.0,Camera-issued speed offences,Offences
Waitemata,Auckland Motorways,2012-04-01,1106.0,Camera-issued speed offences,Offences
Waitemata,Auckland Motorways,2012-05-01,795.0,Camera-issued speed offences,Offences
Waitemata,Auckland Motorways,2012-06-01,600.0,Camera-issued speed offences,Offences
Waitemata,Auckland Motorways,2012-07-01,592.0,Camera-issued speed offences,Offences
Waitemata,Auckland Motorways,2012-08-01,787.0,Camera-issued speed offences,Offences
Waitemata,Auckland Motorways,2012-09-01,547.0,Camera-issued speed offences,Offences
Waitemata,Auckland Motorways,2012-10-01,2055.0,Camera-issued speed offences,Offences
Waitemata,Auckland Motorways,2012-11-01,1929.0,Camera-issued speed offences,Offences
Waitemata,Auckland Motorways,2012-12-01,958.0,Camera-issued speed offences,Offences
Waitemata,Auckland Motorways,2013-01-01,1707.0,Camera-issued speed offences,Offences
Waitemata,Auckland Motorways,2013-02-01,3644.0,Camera-issued speed offences,Offences
Waitemata,Auckland Motorways,2013-03-01,1005.0,Camera-issued speed offences,Offences
Waitemata,Auckland Motorways,2013-04-01,238.0,Camera-issued speed offences,Offences
Waitemata,Auckland Motorways,2013-05-01,260.0,Camera-issued speed offences,Offences
Waitemata,Auckland Motorways,2013-06-01,656.0,Camera-issued speed offences,Offences
Waitemata,Auckland Motorways,2013-07-01,2917.0,Camera-issued speed offences,Offences
Waitemata,Auckland Motorways,2013-08-01,279.0,Camera-issued speed offences,Offences
Waitemata,Auckland Motorways,2013-09-01,138.0,Camera-issued speed offences,Offences
Waitemata,Auckland Motorways,2013-10-01,996.0,Camera-issued speed offences,Offences
Waitemata,Auckland Motorways,2013-11-01,1817.0,Camera-issued speed offences,Offences
Waitemata,Auckland Motorways,2013-12-01,2784.0,Camera-issued speed offences,Offences
Waitemata,Auckland Motorways,2014-01-01,4455.0,Camera-issued speed offences,Offences
Waitemata,Auckland Motorways,2014-02-01,672.0,Camera-issued speed offences,Offences
Waitemata,Auckland Motorways,2014-03-01,902.0,Camera-issued speed offences,Offences
Waitemata,Auckland Motorways,2014-04-01,893.0,Camera-issued speed offences,Offences
Waitemata,Auckland Motorways,2014-05-01,5278.0,Camera-issued speed offences,Offences
Waitemata,Auckland Motorways,2014-06-01,3697.0,Camera-issued speed offences,Offences
Waitemata,Auckland Motorways,2014-07-01,572.0,Camera-issued speed offences,Offences
Waitemata,Auckland Motorways,2014-08-01,577.0,Camera-issued speed offences,Offences
Waitemata,Auckland Motorways,2014-09-01,6333.0,Camera-issued speed offences,Offences
Waitemata,Auckland Motorways,2014-10-01,5585.0,Camera-issued speed offences,Offences
Waitemata,Auckland Motorways,2014-11-01,4833.0,Camera-issued speed offences,Offences
Waitemata,Auckland Motorways,2014-12-01,12554.0,Camera-issued speed offences,Offences
Waitemata,Auckland Motorways,2015-01-01,10069.0,Camera-issued speed offences,Offences
Waitemata,Auckland Motorways,2015-02-01,1433.0,Camera-issued speed offences,Offences
Waitemata,Auckland Motorways,2015-03-01,1705.0,Camera-issued speed offences,Offences
Waitemata,Auckland Motorways,2015-04-01,698.0,Camera-issued speed offences,Offences
Waitemata,Auckland Motorways,2015-05-01,411.0,Camera-issued speed offences,Offences
Waitemata,Auckland Motorways,2015-06-01,219.0,Camera-issued speed offences,Offences
Waitemata,Auckland Motorways,2015-07-01,124.0,Camera-issued speed offences,Offences
Waitemata,Auckland Motorways,2015-08-01,168.0,Camera-issued speed offences,Offences
Waitemata,Auckland Motorways,2015-09-01,503.0,Camera-issued speed offences,Offences
Waitemata,Auckland Motorways,2015-10-01,853.0,Camera-issued speed offences,Offences
Waitemata,Auckland Motorways,2015-11-01,414.0,Camera-issued speed offences,Offences
Waitemata,Auckland Motorways,2015-12-01,1815.0,Camera-issued speed offences,Offences
Waitemata,Auckland Motorways,2016-01-01,1852.0,Camera-issued speed offences,Offences
Waitemata,Auckland Motorways,2016-02-01,532.0,Camera-issued speed offences,Offences
Waitemata,Auckland Motorways,2016-03-01,317.0,Camera-issued speed offences,Offences
Waitemata,Auckland Motorways,2016-04-01,105.0,Camera-issued speed offences,Offences
Waitemata,Auckland Motorways,2016-05-01,183.0,Camera-issued speed offences,Offences
Waitemata,Auckland Motorways,2016-06-01,934.0,Camera-issued speed offences,Offences
Waitemata,Auckland Motorways,2016-07-01,415.0,Camera-issued speed offences,Offences
Waitemata,Auckland Motorways,2016-08-01,82.0,Camera-issued speed offences,Offences
Waitemata,Auckland Motorways,2016-09-01,79.0,Camera-issued speed offences,Offences
Waitemata,Auckland Motorways,2009-01-01,37340.0,Camera-issued speed offences,Fines
Waitemata,Auckland Motorways,2009-02-01,29470.0,Camera-issued speed offences,Fines
Waitemata,Auckland Motorways,2009-03-01,1870.0,Camera-issued speed offences,Fines
Waitemata,Auckland Motorways,2009-04-01,440.0,Camera-issued speed offences,Fines
Waitemata,Auckland Motorways,2009-05-01,1900.0,Camera-issued speed offences,Fines
Waitemata,Auckland Motorways,2009-06-01,2010.0,Camera-issued speed offences,Fines
Waitemata,Auckland Motorways,2009-07-01,0.0,Camera-issued speed offences,Fines
Waitemata,Auckland Motorways,2009-08-01,0.0,Camera-issued speed offences,Fines
Waitemata,Auckland Motorways,2009-09-01,0.0,Camera-issued speed offences,Fines
Waitemata,Auckland Motorways,2009-10-01,9910.0,Camera-issued speed offences,Fines
Waitemata,Auckland Motorways,2009-11-01,3100.0,Camera-issued speed offences,Fines
Waitemata,Auckland Motorways,2009-12-01,1940.0,Camera-issued speed offences,Fines
Waitemata,Auckland Motorways,2010-01-01,8020.0,Camera-issued speed offences,Fines
Waitemata,Auckland Motorways,2010-02-01,79750.0,Camera-issued speed offences,Fines
Waitemata,Auckland Motorways,2010-03-01,113120.0,Camera-issued speed offences,Fines
Waitemata,Auckland Motorways,2010-04-01,137240.0,Camera-issued speed offences,Fines
Waitemata,Auckland Motorways,2010-05-01,97040.0,Camera-issued speed offences,Fines
Waitemata,Auckland Motorways,2010-06-01,43810.0,Camera-issued speed offences,Fines
Waitemata,Auckland Motorways,2010-07-01,88120.0,Camera-issued speed offences,Fines
Waitemata,Auckland Motorways,2010-08-01,34370.0,Camera-issued speed offences,Fines
Waitemata,Auckland Motorways,2010-09-01,67980.0,Camera-issued speed offences,Fines
Waitemata,Auckland Motorways,2010-10-01,149010.0,Camera-issued speed offences,Fines
Waitemata,Auckland Motorways,2010-11-01,59170.0,Camera-issued speed offences,Fines
Waitemata,Auckland Motorways,2010-12-01,110980.0,Camera-issued speed offences,Fines
Waitemata,Auckland Motorways,2011-01-01,179020.0,Camera-issued speed offences,Fines
Waitemata,Auckland Motorways,2011-02-01,171100.0,Camera-issued speed offences,Fines
Waitemata,Auckland Motorways,2011-03-01,236220.0,Camera-issued speed offences,Fines
Waitemata,Auckland Motorways,2011-04-01,143460.0,Camera-issued speed offences,Fines
Waitemata,Auckland Motorways,2011-05-01,162540.0,Camera-issued speed offences,Fines
Waitemata,Auckland Motorways,2011-06-01,30850.0,Camera-issued speed offences,Fines
Waitemata,Auckland Motorways,2011-07-01,61900.0,Camera-issued speed offences,Fines
Waitemata,Auckland Motorways,2011-08-01,159970.0,Camera-issued speed offences,Fines
Waitemata,Auckland Motorways,2011-09-01,70920.0,Camera-issued speed offences,Fines
Waitemata,Auckland Motorways,2011-10-01,182930.0,Camera-issued speed offences,Fines
Waitemata,Auckland Motorways,2011-11-01,37710.0,Camera-issued speed offences,Fines
Waitemata,Auckland Motorways,2011-12-01,68850.0,Camera-issued speed offences,Fines
Waitemata,Auckland Motorways,2012-01-01,38320.0,Camera-issued speed offences,Fines
Waitemata,Auckland Motorways,2012-02-01,31790.0,Camera-issued speed offences,Fines
Waitemata,Auckland Motorways,2012-03-01,30500.0,Camera-issued speed offences,Fines
Waitemata,Auckland Motorways,2012-04-01,124130.0,Camera-issued speed offences,Fines
Waitemata,Auckland Motorways,2012-05-01,82190.0,Camera-issued speed offences,Fines
Waitemata,Auckland Motorways,2012-06-01,59670.0,Camera-issued speed offences,Fines
Waitemata,Auckland Motorways,2012-07-01,65490.0,Camera-issued speed offences,Fines
Waitemata,Auckland Motorways,2012-08-01,94020.0,Camera-issued speed offences,Fines
Waitemata,Auckland Motorways,2012-09-01,51150.0,Camera-issued speed offences,Fines
Waitemata,Auckland Motorways,2012-10-01,193970.0,Camera-issued speed offences,Fines
Waitemata,Auckland Motorways,2012-11-01,210720.0,Camera-issued speed offences,Fines
Waitemata,Auckland Motorways,2012-12-01,76070.0,Camera-issued speed offences,Fines
Waitemata,Auckland Motorways,2013-01-01,150030.0,Camera-issued speed offences,Fines
Waitemata,Auckland Motorways,2013-02-01,443870.0,Camera-issued speed offences,Fines
Waitemata,Auckland Motorways,2013-03-01,106420.0,Camera-issued speed offences,Fines
Waitemata,Auckland Motorways,2013-04-01,21280.0,Camera-issued speed offences,Fines
Waitemata,Auckland Motorways,2013-05-01,19200.0,Camera-issued speed offences,Fines
Waitemata,Auckland Motorways,2013-06-01,70160.0,Camera-issued speed offences,Fines
Waitemata,Auckland Motorways,2013-07-01,317860.0,Camera-issued speed offences,Fines
Waitemata,Auckland Motorways,2013-08-01,22570.0,Camera-issued speed offences,Fines
Waitemata,Auckland Motorways,2013-09-01,12360.0,Camera-issued speed offences,Fines
Waitemata,Auckland Motorways,2013-10-01,52410.0,Camera-issued speed offences,Fines
Waitemata,Auckland Motorways,2013-11-01,185450.0,Camera-issued speed offences,Fines
Waitemata,Auckland Motorways,2013-12-01,138580.0,Camera-issued speed offences,Fines
Waitemata,Auckland Motorways,2014-01-01,265110.0,Camera-issued speed offences,Fines
Waitemata,Auckland Motorways,2014-02-01,63350.0,Camera-issued speed offences,Fines
Waitemata,Auckland Motorways,2014-03-01,83720.0,Camera-issued speed offences,Fines
Waitemata,Auckland Motorways,2014-04-01,52560.0,Camera-issued speed offences,Fines
Waitemata,Auckland Motorways,2014-05-01,532180.0,Camera-issued speed offences,Fines
Waitemata,Auckland Motorways,2014-06-01,343170.0,Camera-issued speed offences,Fines
Waitemata,Auckland Motorways,2014-07-01,49400.0,Camera-issued speed offences,Fines
Waitemata,Auckland Motorways,2014-08-01,50820.0,Camera-issued speed offences,Fines
Waitemata,Auckland Motorways,2014-09-01,624780.0,Camera-issued speed offences,Fines
Waitemata,Auckland Motorways,2014-10-01,428340.0,Camera-issued speed offences,Fines
Waitemata,Auckland Motorways,2014-11-01,464250.0,Camera-issued speed offences,Fines
Waitemata,Auckland Motorways,2014-12-01,643810.0,Camera-issued speed offences,Fines
Waitemata,Auckland Motorways,2015-01-01,502380.0,Camera-issued speed offences,Fines
Waitemata,Auckland Motorways,2015-02-01,131720.0,Camera-issued speed offences,Fines
Waitemata,Auckland Motorways,2015-03-01,158490.0,Camera-issued speed offences,Fines
Waitemata,Auckland Motorways,2015-04-01,66030.0,Camera-issued speed offences,Fines
Waitemata,Auckland Motorways,2015-05-01,30390.0,Camera-issued speed offences,Fines
Waitemata,Auckland Motorways,2015-06-01,17830.0,Camera-issued speed offences,Fines
Waitemata,Auckland Motorways,2015-07-01,10200.0,Camera-issued speed offences,Fines
Waitemata,Auckland Motorways,2015-08-01,15240.0,Camera-issued speed offences,Fines
Waitemata,Auckland Motorways,2015-09-01,43480.0,Camera-issued speed offences,Fines
Waitemata,Auckland Motorways,2015-10-01,68230.0,Camera-issued speed offences,Fines
Waitemata,Auckland Motorways,2015-11-01,36130.0,Camera-issued speed offences,Fines
Waitemata,Auckland Motorways,2015-12-01,80430.0,Camera-issued speed offences,Fines
Waitemata,Auckland Motorways,2016-01-01,87140.0,Camera-issued speed offences,Fines
Waitemata,Auckland Motorways,2016-02-01,49370.0,Camera-issued speed offences,Fines
Waitemata,Auckland Motorways,2016-03-01,18770.0,Camera-issued speed offences,Fines
Waitemata,Auckland Motorways,2016-04-01,10370.0,Camera-issued speed offences,Fines
Waitemata,Auckland Motorways,2016-05-01,15790.0,Camera-issued speed offences,Fines
Waitemata,Auckland Motorways,2016-06-01,83630.0,Camera-issued speed offences,Fines
Waitemata,Auckland Motorways,2016-07-01,37380.0,Camera-issued speed offences,Fines
Waitemata,Auckland Motorways,2016-08-01,6510.0,Camera-issued speed offences,Fines
Waitemata,Auckland Motorways,2016-09-01,6620.0,Camera-issued speed offences,Fines
